|41442d2c461248713404|8d20ebd0840020953fb77f17e77e42d21fdd6053cc260eb2e79ef765b0247fae27a63608ed52965b2c8e064387be50bf4abd44a29f21516800|1553694182|
|41442d2c461248713404|8d20ecd0840020953fb77f17e77e42d21fdd6053cc260eb2e79ef765b0247fae27a63608ed52965b2c8e064387be50bf4bbd44a29f2177a700|1553694198|
|41442d2c461248713404|8d20ede1840020a814487343837b217d7e6117c9ada166934c19953394840f718fa9fe7910e92081713ea53185305e22b9dc29f4a08c1d1f00|1553694214|
|41442d2c461248713404|8d20eee08400201e91b9ca799e4995ae63208cd5b8f8442b99d221e4e2b2f9f51f1cc78995694e8b784abc155e2aaf28bad54619f3b758d300|1553694231|
|58442d2c461248713404|8d20efe084002005f2b883ccb3db95ae67df8bd5b8f8442f66da23e4e2b2fde11d1c83c1d51a568a784a057f1a62ad75ff9d42e6799c10b7a3aadd09f893545c2cdbe20446023b6bfd0648c4d7be8f00|1553694247|
|41442d2c461248713404|8d20f0e08400201e91b9ca799e4995ae63208cd5b8f8442b99d221e4e2b2f9f51f1cc78995690e8b784abc155e2aaf28bad54619f3b712f300|1553694263|
|41442d2c461248713404|8d20f1f1840020f331fdd789ecd9e5aea1fe9fac73e6b246fb39ec3186d27cf4f30b89f4bc3e10a6cfc384c3b5d60998a0ad5105b979e87700|1553694280|
|41442d2c461248713404|8d20f2f0840020d5e0deefb3ec2b6a4d1eb9f89c476edf7e44737f2e9666238bbf977c94c63883c70b6552e82afbd1c274e274cd4d562c5e00|1553694296|
|41442d2c461248713404|8d20f3f0840020d5e0deefb3ec3b6a4d1eb9f89c476edf7e44737f2e9666238bbf977c94c63883c70b6552e82afbd1c274e274cd4d5644d000|1553694312|
|41442d2c461248713404|8d20f4f0840020d5e0deefb3ec2b6a4d1eb9f89c476edf7e44737f2e9666238bbf977c94c63883c70b6552e82afbd1c274e274cd4d56621f00|1553694329|
|41442d2c461248713404|8d20f50185002023846946cba80b40ae505be928fdfcb2442228948df8e95f799cb3db2ae9fe19473a941b7631303126729f0f4df6997ac800|1553694345|
|41c42d2c461248713404|8d20f6008500209d6d3e08df77267f05e577824847b063538ff4ecdde02f0f69f39d65e4c507ade44d39229129939344e857bcbc4c8e287800|1553694362|
|58442d2c461248713404|8d20f700850020860e3f416a5ab47f05e188854847b0635770fceedde02f0b7df19d21ac8574b5e54d399bfb6ddb9119ad1fb843c6a5379ebbb1df1269623cc07e8dec105a43d5fef7daea7416581400|1553694378|
|41442d2c461248713404|8d20f8118500200df9bf72f1f2de39687361d0aff5f6e2a766ece1711eacc550f3b1be2a977234f7ac9992ed0e32ff204ed8d297a099d48500|1553694395|
|41442d2c461248713404|8d20f910850020b7c79c194bd1c36e999ab67f7d1188493f55cadb61cdfe3adcdab7f1218fdcbee0314ddebd5e9b479eb31186695fcb3c4700|1553694411|
|41442d2c461248713404|8d20fa10850020b7c79c194bd1c36e999ab67f7d1188493f55cadb61cdfe3adcdab7f1218fdcbee0314ddebd5e9b479eb31186695fcb85c500|1553694427|
|41442d2c461248713404|8d20fb10850020b7c79c194bd1c36e999ab67f7d1188493f55cadb61cdfe3adcdab7f1218fdcbee0314ddebd5e9b479eb31186695fcbed5b00|1553694444|
|41442d2c461248713404|8d20fc2185002028aa22dd3b35a172f007c78f90a539968df6d5402ca8d4e0e8c57503d707d1f9e08950adb1fd99dc89fa246a60b78705d600|1553694460|
|41442d2c461248713404|8d20fd208500201c6d8264469b86b6d5ed90460ec5515c38128b0b046b0354f573ad70688b955dda8cea95fd1f34fc24c7702ea47c0f744400|1553694477|
|41442d2c461248713404|8d20fe208500201c6d8264469b86b6d5ed90460ec5515c38128b0b046b0374f573ad70688b955dda8cea95fd1f34fc24c7702ea47c0fcdd600|1553694493|
|58442d2c461248713404|8d20ff318500209d36e3b285ed2b103a85ff3b764fc6868e32b36fe2241c2c8e92f07fbbe8917b2a1d5cac2a16ed8ffd9dccd17e120db2d9d59411e44107424f252e614d41fc7d46243dd0bfbcd70c00|1553694510|
|41442d2c461248713404|8d200030850020a38401929313f200592e24efe143e36c07720b09413546b9fd2ed60221e1778484fcce5dec2689dbfde19c1ace518bcee000|1553694526|
|41442d2c461248713404|8d200130850020a38401929313f200592e24efe143e36c07720b09413546b9fd2ed60221e1778484fcce5dec2689dbfde19c1ace518ba66e00|1553694543|
|41442d2c461248713404|8d200230850020a38401929313f200592e24efe143e36c07720b09413546b9fd2ed60221e1778484fcce5dec2689dbfde19c1ace518b1ffc00|1553694559|
|41442d2c461248713404|8d200341850020e4e102bed475210540d7f6b3355cda99d9ec0c633be0b7c98aa60ede5c3654e9a45512b37cfb0a15fc675741906cd6311a00|1553694576|
|41442d2c461248713404|8d200440850020a82992940efa27c09662f3c4945ddea0517cb5a1d76f8fb867e6fd2978ccc3d28648c3048ce310e1a8ec46993dad6f676e00|1553694592|
|41442d2c461248713404|8d200540850020a82992940efa25c09662f3c4945ddea0517cb5a1d76f8fb867e6fd2978ccc3d28648c3048ce310e1a8ec46993dad6f0fe000|1553694609|
|41442d2c461248713404|8d200640850020b82992940efa25c09663f3c4945ddea0517cb5a1d76f8fb867e6fd2978ccc3d28648c3048ce310e1a8ec46993dad6fb67200|1553694625|
|58442d2c461248713404|8d200751850020cb58d5c75baf01afe208e5ab6d4ba7f21469df638e5fd52c7d925ca89a9d42dc17ce06ec5cfdbbbaf02c5795cab7b4be4691b71b93a9cb6ffd91a2711d1db81a6b7f0c09f2fbfa8000|1553694642|
|41442d2c461248713404|8d2008508500209bfe2b11242efbc0fd90ce03505a4d4c0b12b9bb1b3467645edda38acbae303ccfbcfd44ebee86a30b5fde06cf365f761d00|1553694658|
|41c42d2c461248713404|8d2009508500209bfe2b11242efbc0fd90ce03505a4d4c0b12b9bb1b3467645edda38acbae303ccfbcfd44ebee86a30b5fde06cf365f1e9300|1553694675|
|41642d2c461248713404|8d200a618500204cd0163c536a46aa3da96a9b7838d190e75f284dbe395e5bf2c48a5d26a0d77592f49d7671719157a954582c61b6d9912e00|1553694691|
|41442d2c461248713404|8d200b6085002016fad2fa7bb065373dd8c40c52aad58b105cab0fb569ca09700c7d6459d10a66f8634a349b2afd1040ad81c1ccb87c64f000|1553694707|
|41442d2c461248713404|8d200c6085002016fad2fa7bb065373dd8c40c52aad58b105cab0fb569ca09700c7d6459d10a66f8634a349b2afd1040ad81c1ccb87c423f00|1553694724|
|41442d2c461248713404|8d200d6085002016fad2fa7bb065373dd8c40c52aad58b105cab0fb569ca09700c7d6459d10a66f8634a349b2afd1040ad81c1ccb87c2ab100|1553694740|
|41442d2c461248713404|8d200e71850020adad34bd99a1d63f3930625691df2698406e12c208270b79f5091a56d45936967f063b64edcaba2bb5a43214b40d25ce0900|1553694757|
|58442d2c461248713404|8d200f7085002067e253edee44bda9d88f783a2e491f63cd675ff12b374d0083469fb5f7a177f146b04abcfd9267857691af4b5cb0800c5dff3721c6d92249ba9fc356d4ea83262d00ab711579886a00|1553694773|
|41442d2c461248713404|8d2010708500207c8152a45b692fa9d88b873d2e491f63c99857f32b374d0497c49ff1bfe104e947b04a0597d62f872bd4e74fa33aab100f00|1553694789|
|41442d2c461248713404|8d2011708500207c8152a45b692fa9d88b873d2e491f63c99857f32b374d0497449ff1bfe104e947b04a0597d62f872bd4e74fa33aab788100|1553694806|
|41442d2c461248713404|8d2012818500208129b1141d243081822c4a8c21915dd1f8a19d735e9c201da14fd117c0299928e2ad3cd8a4472665e772b22e095cdb76a200|1553694822|
|41442d2c461248713404|8d20138085002076ca57e05a0574adc04d7cf4d71dd50eaf86ee68cfb5121ed7413dbd7281a11ea38454adc8de810cfa2da4fc4766dc316500|1553694839|
|41442d2c461248713404|8d20148085002077ca57e05a0574adc04d7cf4d71dd50eaf86ee68cfb5121ed7413dbd7281a11ea38454adc8de810cfa2da4fc4766dc17aa00|1553694855|
|41442d2c461248713404|8d2015918500203749967ef16d19a1ef4dbb4fadf1d7800101d5506384375440355474c703b6c0de40b922d571c716e70a833c39136cb90400|1553694871|
|41442d2c461248713404|8d201690850020b2aad92fb5454e52be6aabcbf06cc49066120f0f34296b91091fe9e86e0391838a18f5a9484fa91a57a3e419a13d9a19ea00|1553694888|
|58442d2c461248713404|8d201790850020a9c9d8660068dc52be6e54ccf06cc49062ed070d34296b951d1de9ac2643e29b8b18f510220be1180ae6ac1d5eb7b10adcb833a571a9d3396442b3ef16181dffe76c6eb8369b179c00|1553694904|
|41442d2c461248713404|8d201890850020b2aad92fb5454e52be6aabcbf06cc49066120f0f34296b91091fe9e86e0391838a18f5a9484fa91a57a3e419a13d9a547400|1553694920|
|41442d2c461248713404|8d2019a18500206fe5539bf109f7c8cf2f606beaa729cdc9f71476624d52846176f260b8cc6f031f2336fa8d051f5e773d1ac4aa357bad2c00|1553694936|
